{"runId": "run", "algo": "ns3::TcpCubic", "bwMbps": 10.0, "rttMs": 50.0, "bufferBdpMult": 1.0, "nFlows": 2, "simSec": 20.0, "warmupSec": 2.0, "totalThroughputMbps": 220.0088510027476, "perFlowThroughputMbps": [158.6780999674113, 61.330751035336306], "meanDelayMs": 99.63995427918361, "p95DelayMs": 99.0, "lossRate": 4.1568666258099096e-20, "jainFairness": 0.8362743484374483, "queueBytes": 62264}
